{"cameraMode":{"drawMode":0,"name":"Shaded","section":"Shading Mode"},"sceneLighting":false,"audioPlay":false,"sceneViewState":{"showFog":true,"showMaterialUpdate":false,"showSkybox":false,"showFlares":true,"showImageEffects":true,"showParticleSystems":true},"in2DMode":false,"pivot":{"x":156.8356170654297,"y":200.427734375,"z":4.919108867645264},"rotation":{"x":-0.12448158860206604,"y":-0.008337718434631825,"z":0.0010454735020175577,"w":-0.9921903610229492},"size":68.2413330078125,"orthographic":false}